code,name_code,sheet_code,sheet_web,sheet_DB,DB_10+,DB_50+,inst_code,inst_DB,DB_sheet_active,DB_inst_active,on_web
AA625,Aspen Alder,,,,,,8500,8500,,True,True
AI612,Aspen Iceberg,,,,,,8500,8500,,True,True
AL645,Aspen Lily,9000,9000,9000,8800,8550,8500,8500,True,True,True
AP100,Apex,8000,8000,8000,7800,7600,8500,8500,True,True,True
AS610,Aspen Snow,9000,9000,9000,8800,8550,8500,8500,True,True,True
BL461,Bold Lines,9500,9500,9500,9300,9025,9500,9500,False,False,True
BR816O,Black River,9500,9500,9500,9300,9025,9500,9500,True,True,True
BT010,Basalt Terrazzo,8000,8000,8000,7800,7600,8500,8500,True,True,True
BW010,Bright White,5900,5900,5900,5900,5900,7500,7500,True,True,True
CO521M,Cloud Onyx,9500,9500,9500,9300,9025,9500,9500,True,True,True
CS532M,Cascade Slope,9500,9500,9500,9300,9025,9500,9500,True,True,True
CT970,Chess Terrazzo,8000,8000,8000,7800,7600,,,False,,True
CT981,Clay Terrazzo,8000,8000,8000,7800,7600,,,False,,True
CW013,Camellia White,7000,7000,7000,6800,6650,7500,7500,True,True,True
DU121,Duese,7000,7000,7000,6800,6650,8500,8500,True,True,True
E085,Everest,8000,8000,8000,7800,7600,8500,8500,True,True,True
EG501,Glaring White,9000,9000,9000,8800,8550,8500,8500,True,True,True
EG595,Metallic Galaxy,9500,9500,9500,9300,9025,8500,8500,True,True,True
GC714,Glalet Crystals,8000,8000,8000,7800,7600,8500,8500,True,True,True
GE118,Glalet Ebony,8000,8000,8000,7800,7600,8500,8500,True,True,True
GG884,Glalet Grey,8000,8000,8000,7800,7600,8500,8500,True,True,True
GG884(N),Glalet Grey (N),8000,8000,8000,7800,7600,,,False,,True
GI017,Glalet Ice,8000,8000,8000,7800,7600,8500,8500,True,True,True
GT010,Grigio Terrazzo,8000,8000,8000,7800,7600,8500,8500,True,True,True
HJ524M,Honey Jade,9500,9500,9500,9300,9025,9500,9500,True,True,True
JG532M,Jade Golddust,9500,9500,9500,9300,9025,9500,9500,True,True,True
KZ695,Zen Grey,,,,,,8500,8500,,False,True
KZ802,Zen Autumn,9500,9500,9500,9300,9025,9500,9500,True,True,True
KZ802N,Zen Autumn New,9500,9500,9500,9300,9025,9500,9500,True,True,True
MB025,Mist Beech,8000,8000,8000,7800,7600,8500,8500,True,True,True
MC016,Mist Concrete,8000,8000,8000,7800,7600,8500,8500,True,True,True
ME642,Mist Egg,8000,8000,8000,7800,7600,8500,8500,True,True,True
MM541,Metallic Marble,9500,9500,9500,9300,9025,,,True,,True
MS112,Mahogany Stone,9500,9500,9500,9300,9025,9500,9500,True,True,True
MU010,Evermoin Ultra Bright,7500,7500,7500,7300,7125,7500,7500,True,True,True
NA160,Navis,8000,8000,8000,7800,7600,8500,8500,True,True,True
NB091,Neo Black,,,,,,8500,8500,,True,True
NB091F,Neo Black Facade,7000,7000,7000,6800,6650,,,True,,True
NT970,Bologna Terrazzo,9000,9000,9000,8800,8550,8500,8500,True,True,True
NW013,Neo White,4900,4900,4900,4900,4900,7500,7500,True,True,True
OM391,Ocean Marble,9500,9500,9500,9300,9025,,,False,,True
PS820,Pebble Saratoga,9500,9500,9500,9300,9025,8500,8500,True,True,True
PT857,Pebble Terrain,9500,9500,9500,9300,9025,8500,8500,True,True,True
QS822N,Quarry Starred,8500,8500,8500,8300,8025,8500,8500,True,False,True
RC469,Rock Cliffs,12000,12000,12000,11800,11400,9500,9500,False,False,True
RW316,River White,9500,9500,9500,9300,9025,9500,9500,True,True,True
SC457,Sanded Chestnut,9000,9000,9000,8800,8550,8500,8500,True,True,True
SG420,Sanded Grey,9000,9000,9000,8800,8550,8500,8500,True,True,True
SH428,Sanded Heron,9000,9000,9000,8800,8550,8500,8500,True,True,True
SI414,Sanded Icicle,9000,9000,9000,8800,8550,8500,8500,True,True,True
SL531,Sandy Lines,9500,9500,9500,9300,9025,9500,9500,False,False,True
SO423,Sanded Onyx,9000,9000,9000,8800,8550,8500,8500,True,True,True
SS440,Sanded Sahara,9000,9000,9000,8800,8550,8500,8500,True,True,True
SV430,Sanded Vermillion,9000,9000,9000,8800,8550,8500,8500,True,True,True
SW534M,Starry White,9500,9500,9500,9300,9025,9500,9500,True,True,True
V342,Whisper,12000,12000,12000,11800,11400,9500,9500,False,False,True
VA311,Arctic White,12000,12000,12000,11800,11400,9500,9500,True,True,True
VC110,Cotton White,12000,12000,12000,11800,11400,9500,9500,True,True,True
VD126,Dawn,,,,,,9500,9500,,False,True
VD175,Dandelion,12000,12000,12000,11800,11400,,,True,,True
VD345,Dusk,12000,12000,12000,11800,11400,9500,9500,True,True,True
VD382,Drift,12000,12000,12000,11800,11400,9500,9500,True,True,True
VF113,Flux,12000,12000,12000,11800,11400,9500,9500,True,True,True
VF345,Flat White,12000,12000,12000,11800,11400,9500,9500,True,True,True
VL155,Loam,,,,,,9500,9500,,False,True
VL312,Premiere Largo,12000,12000,12000,11800,11400,9500,9500,True,True,True
VL343,Latte Cream,12000,12000,12000,11800,11400,9500,9500,True,True,True
VM114,Morning Sky,12000,12000,12000,11800,11400,9500,9500,True,True,True
VO171,Ocean View,12000,12000,12000,11800,11400,9500,9500,True,True,True
VR322,Rotor Cloud,12000,12000,12000,11800,11400,9500,9500,True,True,True
VS311,Shine,12000,12000,12000,11800,11400,9500,9500,True,True,True
VS351,Soft,12000,12000,12000,11800,11400,9500,9500,True,True,True
VS385,Slate,12000,12000,12000,11800,11400,9500,9500,True,True,True
VV351,Veil,12000,12000,12000,11800,11400,9500,9500,True,True,True
VV375,Vivace,12000,12000,12000,11800,11400,9500,9500,True,True,True
VW050,Vene White,9500,9500,9500,9300,9025,9500,9500,True,True,True
VW213,Vena White,9500,9500,9500,9300,9025,9500,9500,True,True,True
VW342,,,,,,,,12000,,True,False
WH112,Witch Hazel,9500,9500,9500,9300,9025,9500,9500,True,True,True
WW001,Wave White,9500,9500,9500,9300,9025,,,False,,True
